 [ 
	 {"Title":"Dominica Travel Guide", 
          "Content":"Where to start with Dominica wow! This country absolutely amazed me beyond any expectations. Coming into land on the tiny runway, I knew this was going to be a special trip, and Iâ€™m excited for your adventure to the nature island.",
		  "category":"Travel",
		  "publish_date":"3rd Jan 2022",
		  "Author":"Romi"
		  },

	     {"Title":"THE NEW RULES THAT'LL KEEP YOU LOOKING YOUNG",
         	"Content":"There comes a point in every girlâ€™s life when she starts to notice the signs of aging and she goes on a constant quest to fight them off. Are you there yet? I am too! Thatâ€™s why Iâ€™m always on the lookout for anti-aging advice that I can use and share with you. Here are some fabulous new rules on looking young no matter what age you are, courtesy of the experts at Redbook magazine. Youâ€™re going to love them!",
			"category":"Fashion",
			"Publish_date":"2nd Jan 2022",
			"Author":"Ella"
			},
          {"Title":"7 IMPORTANT FACTS EVERYONE SHOULD KNOW ABOUT FOOD INTOLERANCES",
            "Content":"When you have a food allergy, your immune system goes into overdrive when you eat a food you are allergic to. This can cause a range of problems including rashes and swelling. Food intolerances are different than allergies, because they are not the result of a reaction from the immune system. Rather, food intolerances occur when people suffer unpleasant symptoms after eating specific foods. Although the symptoms can be similar to a food allergy, food intolerances have different causes.",
			"category":"Food",
			"publish_date":"1st Jan 2022", 
			"Author":"Lucy"
			}
		]
